"Welsh word","English meaning","Part of speech","Plural","Source"
"a (+ Treiglad Llaes)","and","","","M"
"a dweud y gwir","to be honest","","","M"
"ac ati","et cetera","","","M"
"actor","an actor","(gwr.)","actorion","M"
"achos","because","","","M"
"adeilad","a building","(gwr.)","","M"
"adeiladu","to build","","","M"
"adeiladwr","a builder","(gwr.)","","M"
"adolygu","to revise","","","M"
"adre","home","","","M"
"e.e. ‘mynd adre’","to go home","","","M"
"afon","a river","(ben.)","afonydd","M"
"afreolaidd","irregular","","","M"
"agor","to open","","","M"
"agos","near","","","M"
"angel","an angel","(gwr.)","","M"
"angylion","angels","","","M"
"angen","to need","","","M"
"angen (gwr.) - a need; anghenion","needs","","","M"
"anghofio","to forget","","","M"
"anghywir","incorrect, wrong","","","M"
"angor","an anchor","(gwr.)","","M"
"ail","second","","","M"
"allan","out","","","M"
"allwedd","a key","(ben.)","allweddi","M"
"am","about","","","M"
"ambiwlans","an ambulance","(gwr.)","","M"
"ambiwlansys","ambulances","","","M"
"amgueddfa","a museum","(ben.)","","M"
"amgueddfeydd","museums","","","M"
"aml","often","","","M"
"amser","time, a time","(gwr.)","","M"
"amser sbâr","spare time","","","M"
"anfon","to send","","","M"
"anifail","an animal","(gwr.)","","M"
"anifeiliaid","animals","","","M"
"anifail anwes","a pet","(gwr.)","","M"
"annwyd","a cold","(gwr.)","anwydau","M"
"annwyl","dear, beloved","","","M"
"anodd","difficult","","","M"
"anrheg","a gift","(ben.)","anrhegion","M"
"apwyntiad","an appointment","(gwr.)","","M"
"apwyntiadau","appointments","","","M"
"ar (+ Treiglad Meddal)","on","","","M"
"ar gael","available","","","M"
"ar gyfer","for","","","M"
"ar hyn o bryd","at the moment","","","M"
"ar lan…","on the banks of…, on the shore of","","","M"
"ar-lein","online","","","M"
"ar ôl","after, following","","","M"
"ar unwaith","at once","","","M"
"ar werth","for sale","","","M"
"araf","slow","","","M"
"arall","other","","","M"
"arbennig","special","","","M"
"archebu","to order, to book, to reserve","","","M"
"ardderchog","excellent","","","M"
"arholiad","an exam","(gwr.)","","M"
"arian","money, silver","(gwr.)","","M"
"aros","to wait","","","M"
"ateb","to answer","","","M"
"ateb","an answer","(gwr.)","atebion","M"
"athrawes","a female teacher","(ben.)","","M"
"athrawesau","female teachers","","","M"
"athro","a male teacher","(gwr.)","","M"
"athro cyflenwi","a supply teacher","(gwr.)","","M"
"aur","gold","(gwr.)","","M"
"awdur","an author","(gwr.)","awduron","M"
"awr","an hour","(ben.)","oriau","M"
"awyren","an aeroplane","(ben.)","","M"
"babi","baby","(gwr.)","babis","M"
"bach","small","","","M"
"bachgen","a boy","(gwr.)","bechgyn","M"
"bag","a bag","(gwr.)","bagiau","M"
"banana","a banana","(gwr.)","","M"
"banc","a bank","(gwr.)","banciau","M"
"bar","a bar","(gwr.)","bariau","M"
"bara","bread","(gwr.)","","M"
"bargen","a bargain","(ben.)","","M"
"barn","opinion","(ben.)","barnau","M"
"bechgyn","boys","","","M"
"bechod!","what a pity!","","","M"
"beic","a bike","(gwr.)","beiciau","M"
"beic modur","a motor bike","(gwr.)","","M"
"modur","motor bikes","","","M"
"bendigedig","fantastic","","","M"
"benthyg","to borrow, to lend","","","M"
"berwi","to boil","","","M"
"beth?","what?","","","M"
"beth bynnag","anyway, whatever","","","M"
"bisged","a biscuit","(ben.)","","M"
"ble?","where?","","","M"
"blin","angry","","","M"
"blodyn","a flower","(gwr.)","blodau","M"
"blwyddyn","a year","(ben.)","","M"
"blynyddoedd","years","","","M"
"bod","to be","","","M"
"bol/bola","a stomach","(gwr.)","","M"
"bore","a morning","(gwr.)","","M"
"bowlio","to bowl","","","M"
"braf","fine","","","M"
"braich","an arm","(ben.)","breichiau","M"
"brawd","a brother","(gwr.)","","M"
"brecwast","a breakfast","(gwr.)","","M"
"brecwastau","breakfasts","","","M"
"brechdan","a sandwich","(ben.)","","M"
"brechdanau","sandwiches","","","M"
"breichiau","arms","","","M"
"bron","nearly","","","M"
"brws","a brush","(gwr.)","brwsys","M"
"brwsio","to brush","","","M"
"brysio","to hurry","","","M"
"buan","soon","","","M"
"bugail","a shepherd","(gwr.)","","M"
"bwletin","a bulletin","(gwr.)","","M"
"bwrdd","a table","(gwr.)","byrddau","M"
"bwrw eira","to snow","","","M"
"bwrw glaw","to rain","","","M"
"bws","a bus","(gwr.)","bysiau","M"
"bwyd","food","(gwr.)","bwydydd","M"
"bwydlen","a menu","(ben.)","bwydlenni","M"
"bwydo","to feed","","","M"
"bwyta","to eat","","","M"
"byd","a world","(gwr.)","bydoedd","M"
"byr","short","","","M"
"bys","a finger","(gwr.)","bysedd","M"
"byth","ever, never","","","M"
"byw","to live","","","M"
"cacen","a cake","(ben.)","cacennau","M"
"cadair","a chair","(ben.)","cadeiriau","M"
"cadw","to keep, to reserve","","","M"
"cadw’n heini","to keep fit","","","M"
"cael","to have, to get","","","M"
"caffi","a café","(gwr.)","caffis","M"
"Calan Gaeaf","Halloween","","","M"
"Calan Mai","May Day","","","M"
"camera","a camera","(gwr.)","","M"
"campfa","a gym","(ben.)","campfeydd","M"
"cân","a song","(ben.)","caneuon","M"
"canol","centre, middle","(gwr.)","","M"
"canolfan","a centre","(ben.)","","M"
"canolfan (ben.) hamdden","leisure centre","","","M"
"canolfannau hamdden","leisure centres","","","M"
"cant","a hundred","(gwr.)","","M"
"canu","to sing","","","M"
"capel","a chapel","(gwr.)","capeli","M"
"capten","a captain","(gwr.)","","M"
"car","a car","(gwr.)","ceir","M"
"carafán","a caravan","(ben.)","","M"
"cardiau","cards","","","M"
"cario","to carry","","","M"
"cartref","a home","(gwr.)","cartrefi","M"
"caru","to love","","","M"
"casglu","to collect","","","M"
"castell","a castle","(gwr.)","cestyll","M"
"cath","a cat","(ben.)","cathod","M"
"cau","to close","","","M"
"cawl","soup","(gwr.)","cawliau","M"
"cawod","a shower","(ben.)","","M"
"caws","cheese","(gwr.)","","M"
"cawsiau","cheeses","","","M"
"ceir","cars","","","M"
"cefn","a back","(gwr.)","cefnau","M"
"cefnder","a (male) cousin","(gwr.)","","M"
"cefndryd","(male) cousins","","","M"
"cefnogi (bôn: cefnog-)","to support","","","M"
"ceffyl","a horse","(gwr.)","ceffylau","M"
"ceg","a mouth","(ben.)","cegau","M"
"cegin","a kitchen","(ben.)","","M"
"ceiniog","a penny","(ben.)","","M"
"cenedlaethol","national","","","M"
"cerdyn","a card","(gwr.)","cardiau","M"
"cerdded","to walk","","","M"
"cerddor","a musician","(gwr.)","","M"
"cerddorion","musicians","","","M"
"cerddoriaeth","music","(ben.)","","M"
"ci","a dog","(gwr.)","cŵn","M"
"cig","meat","(gwr.)","cigoedd","M"
"cig eidion","beef","(gwr.)","","M"
"cig moch","bacon","(gwr.)","","M"
"cig oen","lamb meat","(gwr.)","","M"
"cinio","dinner, lunch","(gwr.)","","M"
"clên","agreeable, nice","","","M"
"cloc","a clock","(gwr.)","clociau","M"
"cloc larwm","an alarm clock","(gwr.)","","M"
"clociau larwm","alarm clocks","","","M"
"clust","an ear","(ben.)","clustiau","M"
"clwb","a club","(gwr.)","clybiau","M"
"clywed","to hear","","","M"
"coch","red","","","M"
"codi","to get up, to lift, to pick up (bôn:","","","M"
"coeden","a tree","(ben.)","coed","M"
"coes","a leg","(ben.)","coesau","M"
"cofio","to remember","","","M"
"coffi","coffee","(gwr.)","","M"
"coginio","to cook","","","M"
"cogydd","a (male) cook, chef","(gwr.)","","M"
"cogyddion","cooks, chefs","","","M"
"cogyddes","a (female) cook, chef","(ben.)","","M"
"coleg","a college","(gwr.)","colegau","M"
"colli","to lose, to miss","","","M"
"côr","a choir","(gwr.)","corau","M"
"cost","cost","(ben.)","costau","M"
"cot","a coat","(ben.)","cotiau","M"
"crac","angry","","","M"
"credu","to believe","","","M"
"crempog","a pancake","(ben.)","","M"
"criced","cricket","","","M"
"croeso","welcome","","","M"
"cuddio","to hide","","","M"
"cur pen","a headache","(gwr.)","","M"
"cwestiwn","a question","(gwr.)","","M"
"cwm","a valley","(gwr.)","cymoedd","M"
"cwmni","a company","(gwr.)","","M"
"cŵn","dogs","","","M"
"cwrdd (â)","to meet","","","M"
"cwrs","a course","(gwr.)","cyrsiau","M"
"cwrw","beer","(gwr.)","","M"
"cychwyn","to begin","","","M"
"cyfarfod","a meeting","(gwr.)","","M"
"cyfarfod","to meet","","","M"
"cyfarth","to bark","","","M"
"cyfeiriad","an address","(gwr.)","","M"
"cyfenw","a surname","(gwr.)","","M"
"cyfieithu","to translate","","","M"
"cyflym","fast, quick","","","M"
"cyfnither","a (female) cousin","(ben.)","","M"
"cyfnitherod","(female) cousins","","","M"
"cyfrifiadur","a computer","(gwr.)","","M"
"cyrifiaduron","computers","","","M"
"cyfweliad","an interview","(gwr.)","","M"
"cyngerdd","a concert","(gwr.)","","M"
"cyngor","a council, advice","(gwr.)","","M"
"cynghorau","councils","","","M"
"cylchgrawn","a magazine","(gwr.)","","M"
"cylchgronau","magazines","","","M"
"cymaint","so much","","","M"
"cymdogion","neighbours","","","M"
"cymoedd","valleys","","","M"
"cymryd","to take","","","M"
"cymydog","a neighbour","(gwr.)","","M"
"cymylog","cloudy","","","M"
"cyn","before","","","M"
"cynnar","early","","","M"
"cynnes","warm","","","M"
"cynnwys","to include","","","M"
"cynta(f)","first","","","M"
"cyrraedd","to arrive at, to reach (bôn:","","","M"
"cyrri","a curry","(gwr.)","cyrris","M"
"cysgu","to sleep","","","M"
"cystadleuaeth","a competition","(ben.)","","M"
"cystadlaethau","competitions","","","M"
"cystadlu","to compete","","","M"
"cytuno","to agree","","","M"
"cyw iâr","chicken","(gwr.)","","M"
"cywir","correct","","","M"
"chi","you","","","M"
"chwaer","a sister","(ben.)","","M"
"chwaith","either","","","M"
"chwarae","to play","","","M"
"chwaraeon","sports","","","M"
"chwarter","a quarter","(gwr.)","","M"
"chwerthin","to laugh","","","M"
"chwiorydd","sisters","","","M"
"chwith","left","","","M"
"da","good","","","M"
"da-da","sweets","","","M"
"dangos","to show","","","M"
"dail","leaves","","","M"
"dal","to catch","","","M"
"dallt","to understand","","","M"
"damwain","an accident","(ben.)","","M"
"damweiniau","accidents","","","M"
"dan (+ Treiglad Meddal)","under","","","M"
"dannodd","toothache","(ben.)","","M"
"dant","a tooth","(gwr.)","dannedd","M"
"darllen","to read","","","M"
"darn","a piece","(gwr.)","darnau","M"
"dathlu","to celebrate","","","M"
"dawnsio","to dance","","","M"
"de","south","(gwr.)","","M"
"de","right","(ben.)","","M"
"deall","to understand","","","M"
"dechrau","to begin, to start","","","M"
"dechrau","a start, a beginning","(gwr.)","","M"
"dechreuadau","beginnings","","","M"
"defnyddio","to use","","","M"
"deffro","to wake up","","","M"
"deilen","a leaf","(ben.)","dail","M"
"deintydd","a dentist","(gwr.)","","M"
"del","pretty","","","M"
"derbynnydd","receptionist","(gwr.)","","M"
"derbynyddion","receptionists","","","M"
"dewis","a choice","(gwr.)","","M"
"dewis","to choose","","","M"
"diddordeb","an interest","(gwr.)","","M"
"diddordebau","interests","","","M"
"diddorol","interesting","","","M"
"diflas","miserable, boring","","","M"
"digon","enough","","","M"
"digwydd","to happen, to occur","","","M"
"dillad","clothes","","","M"
"dilledyn","a garment","(gwr.)","","M"
"dim","zero","","","M"
"dim byd","nothing","","","M"
"dim ond","only","","","M"
"dinas","a city","(ben.)","dinasoedd","M"
"diod","a drink","(ben.)","diodydd","M"
"diog","lazy","","","M"
"diolch","thanks","","","M"
"di-waith","unemployed","","","M"
"diwedd","end","(gwr.)","","M"
"diwetha","last","","","M"
"diwrnod","a day","(gwr.)","diwrnodau","M"
"dod","to come","","","M"
"dolur gwddw","sore throat","(gwr.)","","M"
"dosbarth","a class","(gwr.)","","M"
"drama","a play","(ben.)","dramâu","M"
"dringo","to climb","","","M"
"dros (+ Treiglad Meddal)","over","","","M"
"drud","expensive","","","M"
"drwg","bad","","","M"
"drws","a door","(gwr.)","drysau","M"
"dŵad","to come","","","M"
"dweud","to say","","","M"
"dŵr","water","(gwr.)","","M"
"dwyn","to steal","","","M"
"dwyrain","east","(gwr.)","","M"
"dydd Calan","New Year’s Day","","","M"
"dydd Gwener","Friday","","","M"
"dydd Gŵyl Dewi","Saint David’s Day","","","M"
"dydd Iau","Thursday","","","M"
"dydd Llun","Monday","","","M"
"dydd Mawrth","Tuesday","","","M"
"dydd Mercher","Wednesdasy","","","M"
"dydd Nadolig","Christmas Day","","","M"
"dydd Sadwrn","Saturday","","","M"
"dydd Sul","Sunday","","","M"
"dydd","a day","(gwr.)","dyddiau","M"
"dyfalu","to guess","","","M"
"dyma","here is, this is","","","M"
"dymuno","to wish","","","M"
"dyn","a man","(gwr.)","dynion","M"
"dyna","there is","","","M"
"dyna drueni!","what a pity!","","","M"
"dyna pam","that’s why","","","M"
"dynes","woman","(ben.)","","M"
"dysgu","to teach","","","M"
"ddoe","yesterday","","","M"
"ebost","email","(gwr.)","ebyst","M"
"echdoe","the day before yesterday","","","M"
"edrych ar","to watch, to look at","","","M"
"efo","with","","","M"
"eglwys","a church","(ben.)","","M"
"eglwysi","churches","","","M"
"eira","snow","(gwr.)","","M"
"eisiau","to want","","","M"
"eistedd","to sit","","","M"
"eitha","fairly, quite","","","M"
"ella","perhaps","","","M"
"ennill","to win","","","M"
"enw","a name","(gwr.)","enwau","M"
"enwog","famous","","","M"
"er","although","","","M"
"erioed","never","","","M"
"ers","since","","","M"
"ers talwm","a long time ago","","","M"
"eryr","an eagle","(gwr.)","eryrod","M"
"esgid","a shoe","(ben.)","","M"
"esgusodi","to excuse","","","M"
"eto","again","","","M"
"ewythr","an uncle","(gwr.)","","M"
"faint","how much, how many","","","M"
"fel","as, like","","","M"
"fel arfer","usually","","","M"
"felly","so, thus","","","M"
"fi","me","","","M"
"fideo","a video","(gwr.)","fideos","M"
"finegr","vinegar","(gwr.)","","M"
"ffair","a fair","(ben.)","ffeiriau","M"
"ffatri","a factory","(ben.)","","M"
"ffeindio","to find","","","M"
"ffeil","a file","(ben.)","ffeiliau","M"
"ffenest","a window","(ben.)","","M"
"ffermio","to farm","","","M"
"ffermwr","a farmer","(gwr.)","","M"
"fferyllfa","a pharmacy","(ben.)","","M"
"ffigwr","a figure","(gwr.)","ffigyrau","M"
"ffilm","a film","(ben.)","ffilmiau","M"
"ffisig","medicine","(gwr.)","","M"
"fflat","a flat","(ben.)","fflatiau","M"
"ffôn","a phone","(gwr.)","ffonau","M"
"ffôn symudol","mobile phone","","","M"
"ffonio","to phone","","","M"
"ffordd","a way, a road","(ben.)","","M"
"ffrind","a friend","(gwr.)","ffrindiau","M"
"ffrwyth","a fruit","(gwr.)","ffrwythau","M"
"ffurflen","a form","(ben.)","ffurflenni","M"
"ffyrdd","ways, roads","","","M"
"gadael","to leave","","","M"
"gaeaf","winter","(gwr.)","","M"
"gair","a word","(gwr.)","geiriau","M"
"galw","to call","","","M"
"gallu","to be able to, can (bôn: gall- ) (De","","","M"
"gan","by, from","","","M"
"gardd","a garden","(ben.)","gerddi","M"
"garddio","to garden","","","M"
"garddwr","a gardener","(gwr.)","","M"
"garej","a garage","(ben.)","garejis","M"
"geiriadur","a dictionary","(gwr.)","","M"
"geiriau","words","","","M"
"gêm","a game","(ben.)","gemau","M"
"gerddi","gardens","","","M"
"glanhau","to clean","","","M"
"glaw","rain","(gwr.)","","M"
"go lew","pretty good, middling (Gogledd","","","M"
"gobaith","hope","(gwr.)","","M"
"gobeithio","to hope","","","M"
"gofalus","careful","","","M"
"gofyn","to ask","","","M"
"gogledd","north","(gwr.)","","M"
"golau","a light","(gwr.)","goleuadau","M"
"golchi","to wash","","","M"
"goleuadau traffig","traffic lights","","","M"
"golff","golf","(gwr.)","","M"
"gorau","best","","","M"
"gorfod","to have to","","","M"
"gorffen","to finish, to end","","","M"
"goriad","a key","(gwr.)","goriadau","M"
"gorllewin","west","(gwr.)","","M"
"gormod","too much","","","M"
"gorsaf","a station","(ben.)","","M"
"gwaith","work","(gwr.)","gweithiau","M"
"gwallt","hair","(ll.)","","M"
"gwan","weak","","","M"
"gwanwyn","spring","(gwr.)","","M"
"gwario","to spend","","","M"
"gwasanaeth","a service","(gwr.)","","M"
"gwasanaethau","services","","","M"
"gweddol","so-so","","","M"
"gwefan","a website","(ben.)","","M"
"gweithio","to work","","","M"
"gweithiwr","a worker","(gwr.)","","M"
"gweld","to see","","","M"
"gwely","a bed","(gwr.)","gwelyau","M"
"gwell","better","","","M"
"gwenu","to smile","","","M"
"gwers","a lesson","(ben.)","","M"
"gwerth","worth, value","(gwr.)","","M"
"gwerthu","to sell","","","M"
"gwesty","a hotel","(gwr.)","","M"
"gwin","wine","(gwr.)","gwinoedd","M"
"gwir","truth","(gwr.)","","M"
"gwir neu gau","true or false","","","M"
"gwirion","daft","","","M"
"gwisgo","to dress, to wear (bôn:","","","M"
"gwlad","a country","(ben.)","","M"
"Gwlad yr Iâ","Iceland","","","M"
"gwleidydd","a politician","(gwr.)","","M"
"gwleidyddion","politicians","","","M"
"gwlyb","wet","","","M"
"gwneud","to do, to make","","","M"
"gwobr","a prize","(ben.)","","M"
"gŵr","a husband, a man","(gwr.)","","M"
"gŵr tŷ","a house husband","(gwr.)","","M"
"gwraig","a wife, a woman","(ben.)","","M"
"gwragedd","wives, women","","","M"
"gwraig tŷ","housewife","","","M"
"gwrando ar","to listen to (bôn:","","","M"
"gwreiddiol","original","","","M"
"gwybod","to know","","","M"
"gŵyl","a festival, a holiday","(ben.)","","M"
"gwyliau","festivals, holidays","","","M"
"gwylio","to watch","","","M"
"gwyn","white","","","M"
"gwynt","wind","(gwr.)","","M"
"gwyntog","windy","","","M"
"gyda","with","","","M"
"gyda’r nos","in the evening","","","M"
"gyferbyn (+ â)","opposite","","","M"
"gyrru","to drive","","","M"
"gyrrwr","a driver","(gwr.)","","M"
"haf","summer","(gwr.)","hafau","M"
"halen","salt","(gwr.)","","M"
"ham","ham","(gwr.)","","M"
"hanes","history","(gwr.)","","M"
"hanner","a half","(gwr.)","haneri","M"
"hapus","happy","","","M"
"haul","a sun","(gwr.)","","M"
"hawdd","easy","","","M"
"heb (+ Treiglad Meddal)","without","","","M"
"hedfan","to fly","","","M"
"heddiw","today","(gwr.)","","M"
"heddlu","police","(gwr.)","","M"
"hefyd","also, too","","","M"
"hel","to collect (bôn: heli- ) (Gogledd","","","M"
"help","help","(gwr.)","","M"
"helpu","to help","","","M"
"hen","old","","","M"
"hen bethau","antiques","","","M"
"heno","tonight","","","M"
"het","a hat","(ben.)","hetiau","M"
"heulog","sunny","","","M"
"hir","long","","","M"
"hoci","hockey","(gwr.)","","M"
"hoff","favourite","","","M"
"hoffi","to like","","","M"
"hogan","a girl, a lass","(ben.)","genod","M"
"hogyn","a boy, a lad","(gwr.)","hogiau","M"
"hufen","cream","(gwr.)","","M"
"hufen iâ","ice cream","(gwr.)","","M"
"hwyl","fun","(ben.)","","M"
"hwyl","good-bye","","","M"
"hwyr","late","","","M"
"hydref","autumn","(gwr.)","","M"
"hyfryd","nice, pleasant","","","M"
"hyn","this","","","M"
"hynny","that","","","M"
"hysbyseb","an advertisement","(ben.)","","M"
"hysbysebion","advertisements","","","M"
"i (+ Treiglad Meddal)","to","","","M"
"i fyny","up, upward","","","M"
"i ffwrdd","away","","","M"
"i gyd","all","","","M"
"i lawr","down, downward","","","M"
"i mewn","in","","","M"
"iâ","ice","","","M"
"iawn","OK, very","","","M"
"iechyd","health","(gwr.)","","M"
"ifanc","young","","","M"
"isio","to want","","","M"
"jam","jam","(gwr.)","jamiau","M"
"joio","to enjoy","","","M"
"ledled","throughout","","","M"
"lemon","a lemon","(gwr.)","","M"
"lico","to like","","","M"
"licio","to like","","","M"
"lifft","a lift","(gwr.)","lifftiau","M"
"lolfa","a lounge","(ben.)","","M"
"lôn","a lane","(ben.)","lonydd","M"
"lwc","luck","(ben.)","","M"
"lwcus","lucky","","","M"
"llaeth","milk","(gwr.)","","M"
"llais","a voice","(gwr.)","lleisiau","M"
"llaw","a hand","(ben.)","dwylo","M"
"llawen","happy, merry","","","M"
"llawer","a lot","","","M"
"llawn","full","","","M"
"llawr","a floor","(gwr.)","lloriau","M"
"lle","a place","(gwr.)","lleoedd","M"
"lle?","where?","","","M"
"lled","width","(gwr.)","","M"
"llen","a curtain","(ben.)","llenni","M"
"llenwi","to fill","","","M"
"llestr","a dish","(gwr.)","llestri","M"
"llinell","a line","(ben.)","llinellau","M"
"lliw","a colour","(gwr.)","lliwiau","M"
"lliw haul","a suntan","(gwr.)","","M"
"llong","a ship","(ben.)","llongau","M"
"llond ceg","a mouthful","(gwr.)","","M"
"llongyfarchiadau","congratulations","","","M"
"llun","a picture","(gwr.)","lluniau","M"
"llwnc","a throat","(gwr.)","","M"
"llyfr","a book","(gwr.)","llyfrau","M"
"llyfrgell","a library","(ben.)","","M"
"llyfrgellydd","a librarian","(gwr.)","","M"
"llygad","an eye","(gwr.)","llygaid","M"
"llynedd","last year","","","M"
"llysfab","a stepson","(gwr.)","","M"
"llysferch","a step daughter","(ben.)","","M"
"ferched","step daughters","","","M"
"llysiau","vegetables","","","M"
"llythyr","a letter","(gwr.)","llythyrau","M"
"mas","out","","","M"
"mab","a son","(gwr.)","meibion","M"
"mabwysiadu","to adopt (bôn:","","","M"
"maes","a field","(gwr.)","meysydd","M"
"maes parcio","car park","(gwr.)","","M"
"mam","a mother","(ben.)","","M"
"mam faeth","a foster mother","(ben.)","","M"
"mamau maeth","foster mothers","","","M"
"mam-gu","a grandmother","(ben.)","","M"
"mam-guod","grandmothers","","","M"
"mam-yng-nghyfraith","mother-in-law","(ben.)","","M"
"maneg","a glove","(ben.)","menig","M"
"manylion","details","","","M"
"marchnad","a market","(ben.)","","M"
"marchnadoedd","markets","","","M"
"mawr","big","","","M"
"math","a kind, a type","(gwr.)","","M"
"mêc","a make","(gwr.)","mêcs","M"
"medru","to be able to, can","","","M"
"meddwl","to think","","","M"
"meddyg","a doctor","(gwr.)","","M"
"meddygfa","a doctor’s surgery","(ben.)","","M"
"meddygfeydd","doctors’ surgeries","","","M"
"mefus","strawberries","","","M"
"mefusen","a strawberry","(ben.)","","M"
"meibion","sons","","","M"
"meindio","to mind","","","M"
"mêl","honey","(gwr.)","","M"
"melysion","sweets","","","M"
"menig","gloves","","","M"
"menyn","butter","(gwr.)","","M"
"menyw","a woman","(ben.)","","M"
"merch","a girl, a daughter","(ben.)","","M"
"merched","girls, daughters","","","M"
"methu","to fail","","","M"
"mewn","in a","","","M"
"mewn pryd","in time","","","M"
"mil","a thousand","(ben.)","","M"
"miliwn","a million","(ben.)","miliynau","M"
"mis","a month","(gwr.)","misoedd","M"
"mis mêl","a honeymoon","(gwr.)","","M"
"mêl","honeymoons","","","M"
"modryb","an aunt","(ben.)","","M"
"moddion","medicine","","","M"
"môr","a sea","(gwr.)","moroedd","M"
"moron","carrots","","","M"
"moronen","a carrot","(ben.)","moron","M"
"munud (ben./gwr.)","a minute","","","M"
"mwy","more","","","M"
"mwynhau","to enjoy","","","M"
"mynd","to go","","","M"
"mynd â","to take","","","M"
"mynd am dro","to go for a walk","","","M"
"mynediad","entry","(gwr.)","","M"
"nabod","to know (someone), to recognise","","","M"
"nai","a nephew","(gwr.)","neiaint","M"
"nain","a grandmother","(ben.)","","M"
"nawr","now","","","M"
"neb","nobody, no one","","","M"
"neges","a message","(ben.)","","M"
"neis","nice","","","M"
"neithiwr","last night","","","M"
"nes","until","","","M"
"nesa(f)","next","","","M"
"neu (+ Treiglad Meddal)","or","","","M"
"neuadd","a hall","(ben.)","neuaddau","M"
"newid","to change","","","M"
"newydd","new","","","M"
"newyddion","news","","","M"
"nith","a niece","(ben.)","nithod","M"
"niwlog","foggy, misty","","","M"
"nofio","to swim","","","M"
"nôl","to get, to collect","","","M"
"nos","a night","(ben.)","nosau","M"
"Nos Galan","New Year’s Eve","","","M"
"noson","an evening","(ben.)","","M"
"noswaith","an evening","(ben.)","","M"
"nosweithiau","evenings","","","M"
"nunlle","nowhere","","","M"
"nwy","a gas","(gwr.)","nwyon","M"
"nyrs","a nurse","(ben.)","nyrsys","M"
"nyrsio","to nurse","","","M"
"o (+ Treiglad Meddal)","from","","","M"
"o gwbl","at all","","","M"
"o gwmpas","around","","","M"
"o ‘ma","from here, away","","","M"
"o’r gloch","o’clock","","","M"
"o’r gorau","OK, alright","","","M"
"ochr","a side","(ben.)","ochrau","M"
"oed","age","(gwr.)","","M"
"oer","cold","","","M"
"ofnadwy","terrible","","","M"
"ola(f)","last, final","","","M"
"ond","but","","","M"
"opera","an opera","(ben.)","operâu","M"
"oren","orange","(gwr.)","","M"
"orennau","oranges","","","M"
"oriau","hours","","","M"
"oriawr","a watch","(ben.)","","M"
"os","if","","","M"
"os gwelwch chi’n dda","please","","","M"
"p’nawn","an afternoon (gw.","(gwr.)","","M"
"pa? (+ Treiglad Meddal)","which?","","","M"
"pabell","a tent","(ben.)","pebyll","M"
"pacio","to pack","","","M"
"paent","paint","(gwr.)","paentiau","M"
"pam?","why?","","","M"
"pan (+ Treiglad Meddal)","when","","","M"
"paned","a cuppa","(ben.)","","M"
"papur","paper","(gwr.)","papurau","M"
"papur newydd","a newspaper","(gwr.)","","M"
"papurau newydd","newspapers","","","M"
"pâr","a pair","(gwr.)","parau","M"
"paratoi","to prepare","","","M"
"parc","a park","(gwr.)","parciau","M"
"parcio","to park","","","M"
"parod","ready","","","M"
"parti","a party","(gwr.)","partïon","M"
"partner","a partner","(gwr.)","","M"
"pasport","a passport","(gwr.)","","M"
"pasta","pasta","(gwr.)","","M"
"pawb","everyone, everybody","","","M"
"peidio","to stop, to cease, to refrain (bôn:","","","M"
"peint","a pint","(gwr.)","peintiau","M"
"peintio","to paint","","","M"
"peiriant","a machine","(gwr.)","","M"
"pêl","a ball","(ben.)","peli","M"
"pêl-droed","football","(gwr.)","","M"
"pell","far","","","M"
"pen","a head","(gwr.)","pennau","M"
"pen-blwydd","a birthday","(gwr.)","","M"
"penblwyddi","birthdays","","","M"
"pennaeth","a head (person), a","(gwr.)","","M"
"principal; penaethiaid","heads, principals","","","M"
"pensil","a pencil","(gwr.)","pensiliau","M"
"pensiwn","a pension","(gwr.)","","M"
"pensiynwr","a pensioner","(gwr.)","","M"
"pensiynwyr","pensioners","","","M"
"pentre(f)","a village","(gwr.)","","M"
"penwythnos","a weekend","(gwr.)","","M"
"penwythnosau","weekends","","","M"
"perffaith","perfect","","","M"
"perfformio","to perform","","","M"
"person","a person","(gwr.)","","M"
"pert","pretty","","","M"
"peswch","a cough","(gwr.)","","M"
"peswch","to cough","","","M"
"peth","thing","(gwr.)","pethau","M"
"pigyn clust","earache (Gogledd","(gwr.)","","M"
"pinc","pink","","","M"
"plant","children","","","M"
"pleidleisio","to vote","","","M"
"plentyn","a child","(gwr.)","plant","M"
"plismon","a policeman","(gwr.)","","M"
"pob","each, every","","","M"
"pobol/pobl","people","(ben.)","","M"
"poen","a pain","(ben.)","poenau","M"
"poeni","to worry","","","M"
"poeth","hot","","","M"
"pont","a bridge","(ben.)","pontydd","M"
"popeth","everything","","","M"
"porc","pork","(gwr.)","","M"
"porffor","purple","","","M"
"posib","possible","","","M"
"post","post","(gwr.)","","M"
"postmon","a postman","(gwr.)","","M"
"potel","a bottle","(ben.)","poteli","M"
"prawf","a test","(gwr.)","profion","M"
"pres","money (Gogledd Cymru)","(gwr.)","","M"
"prif","main, first, top, highest","","","M"
"prifathro","headmaster","(gwr.)","","M"
"prifathrawon","headteachers","","","M"
"prifathrawes","headmistress","(ben.)","","M"
"prifathrawesau","headmistresses","","","M"
"prifysgol","an university","(ben.)","","M"
"prifysgolion","universities","","","M"
"priod","married","","","M"
"priodi","to marry","","","M"
"problem","a problem","(ben.)","","M"
"pryd?","when?","","","M"
"prynhawn","an afternoon","(gwr.)","","M"
"prynhawniau","afternoons","","","M"
"prynu","to buy","","","M"
"prysur","busy","","","M"
"punt","a pound","(ben.)","","M"
"pupur","pepper","(gwr.)","","M"
"pwdin","a pudding","(gwr.)","","M"
"pwll","a pool","(gwr.)","pyllau","M"
"pwll nofio","a swimming pool","(gwr.)","","M"
"pwll glo","a coal mine","(gwr.)","","M"
"pwy?","who?","","","M"
"pwysig","important","","","M"
"pys","peas","","","M"
"pysgodyn","a fish","(gwr.)","pysgod","M"
"radio","a radio","(gwr.)","","M"
"ras","a race","(ben.)","rasys","M"
"rownd","a round","(ben.)","","M"
"rownd","round, around","","","M"
"rŵan","now","","","M"
"rygbi","rugby","(gwr.)","","M"
"rhad","cheap","","","M"
"rhaglen","a programme","(ben.)","","M"
"rhai","some","","","M"
"rhan","a part","(ben.)","rhannau","M"
"rhan-amser","part-time","","","M"
"rhedeg","to run","","","M"
"rheina","those","","","M"
"rheoli","to manage, to control (bôn:","","","M"
"rheolwr","a manager","(gwr.)","","M"
"rheolwraig","a manageress","(ben.)","","M"
"rhestr","a list","(ben.)","rhestri","M"
"rhew","ice","(gwr.)","","M"
"rhif","a number","(gwr.)","rhifau","M"
"rhoi","to put, to give","","","M"
"rhwng","between","","","M"
"rhy","too","","","M"
"rhyfedd","strange, funny, odd","","","M"
"rhyw (+ Treiglad Meddal)","any, some","","","M"
"rhywbeth","something","(gwr.)","","M"
"rhywle","somewhere","(gwr.)","","M"
"rhywun","someone","(gwr.)","","M"
"sâl","ill, sick, bad, poor","","","M"
"salad","a salad","(gwr.)","saladau","M"
"sbâr","spare","","","M"
"sbectol","spectacles","(ben.)","","M"
"sbwriel","rubbish","(gwr.)","","M"
"seiclo","to cycle","","","M"
"sêl cist car","a car boot sale","(ben.)","","M"
"cist car","car boot sales","","","M"
"seren","a star","(ben.)","sêr","M"
"sesiwn (gwr./ben.)","session","","","M"
"sgio","to ski","","","M"
"sglodion","chips","","","M"
"sgorio","to score","","","M"
"sgwennu","to write","","","M"
"sgwrs","a conversation","(ben.)","","M"
"siarad","to talk","","","M"
"siaradwr","speaker","(gwr.)","","M"
"siec","a cheque","(ben.)","sieciau","M"
"silff","a shelf","(ben.)","silffoedd","M"
"silff ben tân","mantelpiece","","","M"
"sillafu","to spell","","","M"
"sinema","a cinema","(gwr.)","","M"
"siocled","chocolate","(gwr.)","","M"
"sioe","a show","(ben.)","sioeau","M"
"Siôn Corn","Santa Claus","","","M"
"siop","a shop","(ben.)","siopau","M"
"siopa","to shop","","","M"
"sir","a county","(ben.)","siroedd","M"
"siwgr","sugar","(gwr.)","","M"
"siŵr","sure","","","M"
"siŵr o fod","probably","","","M"
"smwddio","to iron","","","M"
"stadiwm","a stadium","(gwr.)","","M"
"staff","staff","","","M"
"stamp","a stamp","(gwr.)","","M"
"stondin","a stall, a booth","(ben.)","","M"
"stondinau","stalls, booths","","","M"
"stopio","to stop","","","M"
"stori","a story","(ben.)","storïau","M"
"stormus","stormy","","","M"
"stryd","a street","(ben.)","","M"
"sudd","juice","(gwr.)","suddion","M"
"sut?","how?","","","M"
"swnllyd","noisy","","","M"
"swper","a supper","(gwr.)","","M"
"swydd","a job, a post","(ben.)","","M"
"swyddfa","an office","(ben.)","","M"
"sych","dry","","","M"
"syched","thirst","(gwr.)","","M"
"symud","to move","","","M"
"syniad","an idea","(gwr.)","syniadau","M"
"syth","straight","","","M"
"tabled","a tablet","(ben.)","tabledi","M"
"taclus","tidy","","","M"
"tacsi","a taxi","(gwr.)","tacsis","M"
"tad","a father","(gwr.)","tadau","M"
"tad-cu","a grandfather","(gwr.)","tad","M"
"tad maeth","foster father","(gwr.)","","M"
"maeth","foster fathers","","","M"
"tad-yng-nghyfraith","father-in-law","(gwr.)","","M"
"tadau-yng-nghyfraith","fathers-in-law","","","M"
"tafarn","a pub","(ben.)","tafarnau","M"
"taflen","a leaflet","(ben.)","taflenni","M"
"tai","houses","","","M"
"taid","a grandfather","(gwr.)","","M"
"taith","a journey","(ben.)","teithiau","M"
"tal","tall","","","M"
"talu","to pay","","","M"
"tan (+ Treiglad Meddal)","until","","","M"
"tân","a fire","(gwr.)","tanau","M"
"taro","to hit, to strike","","","M"
"taten","a potato","(ben.)","tatws","M"
"te","tea","(gwr.)","","M"
"tebyg","similar, alike","","","M"
"tedi","a teddy bear","(gwr.)","tedis","M"
"tegan","a toy","(gwr.)","teganau","M"
"tegell","a kettle","(gwr.)","tegelli","M"
"tei","a tie","(gwr.)","teis","M"
"teimlo","to feel","","","M"
"teithio","to travel","","","M"
"teledu","a television","(gwr.)","","M"
"tennis","tennis","(gwr.)","","M"
"teulu","a family","(gwr.)","teuluoedd","M"
"teuluol","family (e.e. y cartref teuluol – the","","","M"
"ti","you","","","M"
"tîm","a team","(gwr.)","timau","M"
"tipyn","a little, a bit","","","M"
"tiwtor","a tutor","(gwr.)","tiwtoriaid","M"
"tocyn","a ticket","(gwr.)","tocynnau","M"
"tomato","a tomato","(gwr.)","","M"
"torri","to break","","","M"
"torri lawr","to break down","","","M"
"torth","a loaf","(ben.)","torthau","M"
"tost","toast","(gwr.)","","M"
"tost","sick, ill","(ans.)","","M"
"traed","feet","","","M"
"traeth","a beach","(gwr.)","traethau","M"
"trafod","to discuss","","","M"
"tref","a town","(ben.)","trefi","M"
"trefnu","to arrange, to organise (bôn:","","","M"
"trên","a train","(gwr.)","trenau","M"
"trio","to try","","","M"
"trip","a trip","(gwr.)","tripiau","M"
"trist","sad","","","M"
"tro","a turn","(gwr.)","","M"
"troed","a foot","(ben.)","traed","M"
"troi","to turn","","","M"
"trwy (+ Treiglad Meddal)","through","","","M"
"trwyn","a nose","(gwr.)","trwynau","M"
"trydan","electricity, electric","(gwr.)","","M"
"trydydd","third","","","M"
"tu allan i/tu fas i","outside","","","M"
"tua (+Treiglad Llaes)","about","","","M"
"tudalen","a page","(ben.)","","M"
"twp","stupid","","","M"
"twym","warm, hot","","","M"
"tŷ","a house","(gwr.)","tai","M"
"tŷ bach","a toilet","","","M"
"tŷ bwyta","a restaurant","","","M"
"tyfu","to grow","","","M"
"tymor","a season, a term","(gwr.)","","M"
"tymhorau","seasons, terms","","","M"
"tynnu","to pull","","","M"
"tynnu llun","to take a picture","","","M"
"tywydd","weather","(gwr.)","","M"
"theatr","theatre","(ben.)","","M"
"theatrau","theatres","","","M"
"ugain","twenty","","ugeiniau","M"
"uned","a unit","(ben.)","unedau","M"
"unman","nowhere","","","M"
"unrhyw (+ Treiglad Meddal)","any","","","M"
"unwaith","once","","","M"
"uwd","porridge","(gwr.)","","M"
"wal","a wall","(ben.)","waliau","M"
"waled","a wallet","(ben.)","waledi","M"
"wedi blino","tired","","","M"
"wedyn","after, afterwards","","","M"
"weithiau","sometimes","","","M"
"wir","indeed","","","M"
"wrth (+ Treiglad Meddal)","by","","","M"
"wrth gwrs","of course","","","M"
"wy","an egg","(gwr.)","wyau","M"
"wyneb","a face","(gwr.)","wynebau","M"
"wythnos","a week","(ben.)","","M"
"y baban Iesu","the baby Jesus","","","M"
"y llynedd","last year","","","M"
"y we","the web","(ben.)","","M"
"ych a fi!","horrid, yuck!","","","M"
"ychydig","a little, a few","","","M"
"yfed","to drink","","","M"
"yfory","tomorrow","","","M"
"yma","here","","","M"
"ymarfer","to practise, to rehearse","","","M"
"ymddeol","to retire","","","M"
"ymlacio","to relax","","","M"
"ymlaen","on, ahead, forward","","","M"
"ymolchi","to wash","","","M"
"ymweliad","a visit","(gwr.)","","M"
"yn (+ Treiglad Trwynol)","in","","","M"
"yn barod","already","","","M"
"yn erbyn","against","","","M"
"yn ôl","back","","","M"
"yn unig","only","","","M"
"yna","there, then","","","M"
"yno","there","","","M"
"ynys","an island","(ben.)","","M"
"Yr Alban","Scotland","(ben.)","","M"
"yr Eidal","Italy","(ben.)","","M"
"yr un","each","","","M"
"Yr Wyddfa","Snowdon","(ben.)","","M"
"ysbyty","a hospital","(gwr.)","","M"
"ysbwriel","rubbish","(gwr.)","","M"
"ysgol","a school","(ben.)","","M"
"ysgrifennu","to write","","","M"
"ystafell","a room","(ben.)","","M"
"ystyr","a meaning","(gwr.)","","M"
archfarchnad,supermarket(s),Noun (Enw),archfarchnadoedd,1
cefn gwlad,the countryside,Noun (Enw),,1
diwedd,end,Noun (Enw),,1
dyfodol,future,Noun (Enw),,1
iogwrt,yoghurt,Noun (Enw),,1
meithrinfa,crèche(s) / nursery (-ies),Noun (Enw),meithrinfeydd,1
nifer,a number / numbers,Noun (Enw),niferoedd,1
Sbaeneg,Spanish,Noun (Enw),,1
sedd,seat(s),Noun (Enw),seddi,1
colli,"to lose, to miss",Verb (Berf),,1
cropian,to crawl,Verb (Berf),,1
gwarchod,"to protect, to babysit",Verb (Berf),,1
cyfleus,convenient,Adjective (Ansoddair),,1
a deud y gwir,to be honest,Phrase / Other (Ymadrodd / Arall),,1
mwy nag unwaith,more than once,Phrase / Other (Ymadrodd / Arall),,1
Rhaid cropian cyn cerdded,You must walk before you can run,Phrase / Other (Ymadrodd / Arall),,1
yn aml,often,Phrase / Other (Ymadrodd / Arall),,1
Almaeneg,German (language),Noun (Enw),,2
camp,feat(s),Noun (Enw),campau,2
dart,dart(s),Noun (Enw),dartiau,2
Eidaleg,Italian (language),Noun (Enw),,2
Ffrangeg,French (language),Noun (Enw),,2
hyfforddwr,trainer(s),Noun (Enw),hyfforddwyr,2
naid,a jump,Noun (Enw),,2
pêl-fasged,basketball,Noun (Enw),,2
pêl-rwyd,netball,Noun (Enw),,2
sboncen,squash,Noun (Enw),,2
ymarfer corff,physical education,Noun (Enw),,2
hyfforddi,to train,Verb (Berf),,2
byw,"live, alive",Adjective (Ansoddair),,2
holl,all,Adjective (Ansoddair),,2
ar ben,on top of,Phrase / Other (Ymadrodd / Arall),,2
chwarae teg,fair play,Phrase / Other (Ymadrodd / Arall),,2
eleni,this year,Phrase / Other (Ymadrodd / Arall),,2
llywodraeth,government(s),Noun (Enw),llywodraethau,3
malwen,snail(s),Noun (Enw),malwod,3
milltir,mile(s),Noun (Enw),milltiroedd,3
oergell,fridge(s),Noun (Enw),oergelloedd,3
olwyn,wheel(s),Noun (Enw),olwynion,3
popty,oven(s),Noun (Enw),poptai,3
priodas,wedding(s),Noun (Enw),priodasau,3
rhewgell,freezer(s),Noun (Enw),rhewgelloedd,3
Yr Eidal,Italy,Noun (Enw),,3
cangarŵ,kangaroo(s),Noun (Enw),cangarŵod,3
cinio rhost,roast dinner,Noun (Enw),,3
crys,shirt(s),Noun (Enw),crysau,3
mynydd,mountain(s),Noun (Enw),mynyddoedd,3
plwg,plug(s),Noun (Enw),plygiau,3
actio,"to act (drama)",Verb (Berf),,3
chwilio (am),"to look (for)",Verb (Berf),,3
newid,to change,Verb (Berf),,3
diolchgar,"grateful, thankful",Adjective (Ansoddair),,3
tramor,abroad,Phrase / Other (Ymadrodd / Arall),,3
tybed?,I wonder?,Phrase / Other (Ymadrodd / Arall),,3
